Page,#,Element,Category,Key Details
Global Elements,1,Navigation Bar,Interaction,"Static top navigation; no dropdowns. Dark background (#2c3e50). Links persist on all pages. Active state shown with darker background (#34495e)."
Global Elements,2,Navigation Links (Homepage/Explore Stories/Ask MattGPT/About Matt),Interaction,"Font weight: Medium. Hover state shows underline or color shift. Active tab visually distinguished. Clickable throughout entire label area."
Global Elements,3,Professional Footer,Content,"Appears on all pages. Three sections: heading, availability messaging, contact CTAs. Dark background (#2c3e50), white text."
Global Elements,4,Footer Contact CTAs,Interaction,"Three buttons: Email (primary purple #8B5CF6), LinkedIn (secondary translucent), Ask Agy (secondary translucent). All include icons. Email opens mailto link, LinkedIn opens profile in new tab."
Global Elements,5,Email CTA Button,Interaction,"Primary purple button (#8B5CF6). Contains ""ðŸ“§ mcpugmire@gmail.com"". Clickable, opens default email client with pre-filled to: address."
Global Elements,6,LinkedIn CTA Button,Interaction,"Secondary button with rgba(255,255,255,0.1) background. Contains ""ðŸ’¼ LinkedIn"". Opens https://www.linkedin.com/in/matt-pugmire/ in new tab."
Homepage,1,Hero Section,Visual/Technical,"Gradient background (135deg, #667eea 0%, #764ba2 100%). Padding: 60px 40px (adjusts to 30px on screens <800px height). Contains logo image, greeting, headline, tagline, and CTA buttons."
Homepage,2,MattGPT Logo Image,Visual/Technical,"PNG file: ""MattGPT_Agy_Transparent.png"". Max-width: 400px (reduces to 300px on <800px height, 260px on <700px height). Drop-shadow filter applied. Centered."
Homepage,3,Hero Greeting,Content,"Text: ""ðŸ‘‹ Hi, I'm Matt Pugmire"". Font-size: 18px (16px on shorter screens). Display: flex with 8px gap between emoji and text. Opacity: 0.95. Centered."
Homepage,4,Hero Headline,Content,"Text: ""Digital Transformation Leader"". Font-size: 42px (36px on <800px height, 32px on <700px). Font-weight: 700. Margin-bottom: 16px. Color: white. Centered."
Homepage,5,Hero Tagline,Content,"Static description text. Font-size: 18px (16px on shorter screens). Max-width: 700px. Margin: 0 auto 32px (20px on shorter screens). Line-height: 1.6. Opacity: 0.95. Centered."
Homepage,6,Hero CTA Buttons,Interaction,"Two buttons side-by-side: ""Explore Stories"" (primary) and ""Ask Agy ðŸ¾"" (secondary). Display: flex with 16px gap. Justify-content: center. Both buttons have padding 14px 32px, border-radius 8px."
Homepage,7,"""Explore Stories"" Button (Primary)",Interaction,"Background: white. Color: #667eea. Border: 2px solid white. Links to explore_stories_cards_wireframe.html. Hover: slight lift (translateY(-2px)) + shadow."
Homepage,8,"""Ask Agy ðŸ¾"" Button (Secondary)",Interaction,"Background: rgba(255,255,255,0.2). Color: white. Border: 2px solid white. Links to ask_mattgpt_landing_wireframe.html. Hover: background rgba(255,255,255,0.3) + slight lift."
Homepage,9,Stats Bar,Technical/Data,"Four equal-width stat tiles. Grid layout: repeat(4, 1fr). Border-bottom: 2px solid #e0e0e0. Each stat has number and label vertically stacked."
Homepage,10,Stat Tile,Content,"Padding: 30px. Text-align: center. Border-right: 1px solid #e0e0e0 (except last). Contains stat-number and stat-label."
Homepage,11,Stat Number,Visual/Technical,"Font-size: 36px. Font-weight: 700. Color: #667eea. Margin-bottom: 8px. Examples: ""20+"", ""115"", ""300+"", ""15+""."
Homepage,12,Stat Label,Content,"Font-size: 13px. Color: #7f8c8d. Text-transform: uppercase. Font-weight: 600. Examples: ""Years Experience"", ""Projects Delivered""."
Homepage,13,"""What would you like to explore?"" Section Header",Content,"Font-size: 32px. Color: #2c3e50. Text-align: center. Margin-bottom: 12px. Display: flex with 12px gap (emoji + text). Justify-content: center."
Homepage,14,Industry Cards (Financial Services/Cross-Industry),Interaction,"Grid: repeat(2, 1fr). Gap: 24px. Each card is a clickable link. Gradient background (same as hero). Padding: 32px. Border-radius: 12px. Box-shadow on hover."
Homepage,15,Industry Card Icon,Visual/Technical,"Font-size: 36px. Margin-bottom: 16px. Examples: ""ðŸ¦"" (banking), ""ðŸŒ"" (cross-industry)."
Homepage,16,Industry Card Title,Content,"Font-size: 24px. Font-weight: 700. Margin-bottom: 8px. Color: white."
Homepage,17,Industry Card Count,Content,"Font-size: 16px. Opacity: 0.95. Font-weight: 600. Color: white. Examples: ""55 projects"", ""51 projects""."
Homepage,18,Industry Card Description,Content,"Font-size: 14px. Line-height: 1.6. Opacity: 0.9. Color: white. Margin-bottom: 16px."
Homepage,19,Industry Card Tags,Content,"Display: flex. Flex-wrap: wrap. Gap: 8px. Each tag has background rgba(255,255,255,0.2), padding 4px 10px, border-radius 12px, font-size 11px, font-weight 600."
Homepage,20,Industry Card CTA,Interaction,"Padding: 10px 20px. Background: rgba(255,255,255,0.2). Border: 2px solid white. Border-radius: 8px. Color: white. Font-weight: 600. Font-size: 14px. Hover: background white, color #667eea."
Homepage,21,Capability Cards Grid,Interaction/Logic,"Grid: repeat(2, 1fr). Gap: 24px. Four cards: Product Innovation, App Modernization, Consulting & Transformation, Teams & Talent. Each card clickable."
Homepage,22,Capability Card,Interaction,"Background: white. Border: 2px solid #e0e0e0. Border-radius: 12px. Padding: 24px. Hover: border-color #667eea, shadow, translateY(-2px)."
Homepage,23,Capability Card Icon,Visual/Technical,"Font-size: 28px. Margin-bottom: 8px. Examples: ""ðŸš€"", ""ðŸ”§"", ""ðŸ’¡"", ""ðŸ‘¥""."
Homepage,24,Capability Card Title,Content,"Font-size: 18px. Color: #2c3e50. Margin-bottom: 8px. Font-weight: 600."
Homepage,25,Capability Card Description,Content,"Font-size: 13px. Color: #7f8c8d. Line-height: 1.5. Margin-bottom: 12px."
Homepage,26,Capability Card Examples,Content,"Font-size: 12px. Color: #95a5a6. Font-style: italic. Line-height: 1.5. Margin-bottom: 16px. Sample questions shown."
Homepage,27,"""Ask Agy"" Full-Width Card",Interaction,"Grid-column: 1 / -1 (spans full width). Gradient background (#8B5CF6 to #7C3AED). Color: white. Border: 2px solid transparent. Hover: border rgba(255,255,255,0.3), shadow."
Homepage,28,"""Ask Agy"" Card Avatar",Visual/Technical,"Image: ""agy_avatar_64_dark.png"". Width/height: 64px. Border-radius: 50%. Border: 3px solid white. Box-shadow. Display: flex with 16px gap next to title."
About Matt,1,Hero Section,Visual/Technical,"Gradient background (135deg, #667eea 0%, #764ba2 100%). Padding: 50px 40px. Color: white. Grid layout: auto 1fr with 40px gap."
About Matt,2,Hero Avatar,Visual/Technical,"Image: ""agy_avatar_128_light.png"". Width/height: 120px. Border-radius: 50%. Positioned in grid column 1."
About Matt,3,Hero Title,Content,"Text: ""Matt Pugmire"". Font-size: 36px. Margin-bottom: 12px. Color: white. Font-weight: bold."
About Matt,4,Hero Subtitle,Content,"Text: ""Digital Transformation Leader | Director of Technology Delivery"". Font-size: 18px. Opacity: 0.95. Margin-bottom: 20px."
About Matt,5,Hero Bio,Content,"Paragraph text with availability signal. Font-size: 15px. Line-height: 1.7. Opacity: 0.9. Max-width: 800px. Includes: ""Currently exploring opportunities to lead platform engineering, product innovation, and organizational transformation initiatives."""
About Matt,6,Stats Bar,Technical/Data,"Five equal-width stat tiles. Grid layout: repeat(5, 1fr). Border-bottom: 2px solid #e0e0e0."
About Matt,7,Stat Tile,Content,"Padding: 30px. Text-align: center. Border-right: 1px solid #e0e0e0 (except last). Stat number color: #8B5CF6."
About Matt,8,Career Evolution Section,Content,"Padding: 50px 40px. Border-bottom: 2px solid #e0e0e0. Contains section header and timeline."
About Matt,9,Section Header,Content,"Text-align: center. Margin-bottom: 40px. H2 font-size: 32px, color #2c3e50. Supporting text: font-size 16px, color #7f8c8d."
About Matt,10,Timeline Container,Visual/Technical,"Max-width: 900px. Margin: 0 auto. Position: relative. Padding-left: 40px. Vertical line positioned absolute (left: 0, width: 3px, gradient #8B5CF6 to #7C3AED)."
About Matt,11,Timeline Item,Interaction/Logic,"Position: relative. Margin-bottom: 30px. Padding-left: 30px. Dot marker (::before) positioned absolute (left: -47px, width: 14px, height: 14px, white background, border: 3px solid #8B5CF6, border-radius: 50%)."
About Matt,12,Timeline Year,Content,"Font-size: 14px. Font-weight: 700. Color: #8B5CF6. Margin-bottom: 8px."
About Matt,13,Timeline Title,Content,"Font-size: 18px. Font-weight: 600. Color: #2c3e50. Margin-bottom: 6px. Includes emoji prefix."
About Matt,14,Timeline Company,Content,"Font-size: 14px. Color: #7f8c8d. Margin-bottom: 8px."
About Matt,15,Timeline Description,Content,"Font-size: 14px. Color: #555. Line-height: 1.6."
About Matt,16,Core Competencies Section,Content,"Padding: 50px 40px. Border-bottom: 2px solid #e0e0e0. Contains section header and competencies grid."
About Matt,17,Competency Category Badges,Visual/Technical,"Display: inline-block. Background: #8B5CF6. Color: white. Padding: 8px 20px. Border-radius: 20px. Font-size: 14px. Font-weight: 600. Margin: 0 8px 32px. Examples: ""ðŸ’» Technical"", ""ðŸ‘¥ Leadership""."
About Matt,18,Competencies Grid,Interaction/Logic,"Grid: repeat(3, 1fr). Gap: 24px. Six competency cards total."
About Matt,19,Competency Card,Interaction,"Background: #fafafa. Border: 2px solid #e0e0e0. Border-radius: 12px. Padding: 24px. Hover: border-color #8B5CF6, shadow."
About Matt,20,Competency Icon,Visual/Technical,"Font-size: 36px. Margin-bottom: 16px. Examples: ""ðŸš€"", ""ðŸ”§"", ""âš¡"", ""ðŸ’¡"", ""ðŸ‘¥"", ""ðŸ¤–""."
About Matt,21,Competency Title,Content,"Font-size: 18px. Font-weight: 600. Color: #2c3e50. Margin-bottom: 12px."
About Matt,22,Competency List,Content,"List-style: none. Gap: 6px. Each item has arrow (â†’) prefix in #8B5CF6, font-size 13px, color #555, padding-left 16px."
About Matt,23,Leadership Philosophy Section,Content,"Padding: 50px 40px. Border-bottom: 2px solid #e0e0e0. Contains section header and philosophy grid."
About Matt,24,Philosophy Grid,Interaction/Logic,"Grid: repeat(2, 1fr). Gap: 24px. Four philosophy cards."
About Matt,25,Philosophy Card,Visual/Technical,"Background: linear-gradient(135deg, #667eea 0%, #764ba2 100%). Color: white. Border-radius: 12px. Padding: 32px."
About Matt,26,Philosophy Card Title,Content,"Font-size: 20px. Margin-bottom: 12px. Includes emoji prefix. Color: white."
About Matt,27,Philosophy Card Text,Content,"Font-size: 14px. Line-height: 1.7. Opacity: 0.95. Color: white."
About Matt,28,Technical Architecture Section,Content,"Padding: 50px 40px. Background: #fafafa. Border-bottom: 2px solid #e0e0e0. Contains section header, architecture intro, diagram, and tech details grid."
About Matt,29,Architecture Intro Box,Visual/Technical,"Background: white. Border: 2px solid #e0e0e0. Border-radius: 12px. Padding: 24px. Margin-bottom: 32px. Max-width: 900px. Margin-left/right: auto."
About Matt,30,Tech Stack Grid,Interaction/Logic,"Grid: repeat(auto-fit, minmax(120px, 1fr)). Gap: 16px. Contains tech stack cards."
About Matt,31,Tech Stack Card,Visual/Technical,"Background: white. Border: 2px solid #e0e0e0. Border-radius: 8px. Padding: 16px. Text-align: center. Contains emoji (32px) and label (12px, font-weight 600, color #2c3e50)."
About Matt,32,Architecture Diagram,Visual/Technical,"Background: white. Border: 2px solid #e0e0e0. Border-radius: 12px. Padding: 32px. Margin-bottom: 32px."
About Matt,33,Diagram Flow,Interaction/Logic,"Grid: repeat(4, 1fr). Gap: 16px. Contains flow steps with arrows between them."
About Matt,34,Flow Step,Visual/Technical,"Background: #f8f9fa. Border: 2px solid #e0e0e0. Border-radius: 8px. Padding: 16px. Text-align: center. Arrow (â†’) positioned absolute right: -24px. Contains step number badge, title, and description."
About Matt,35,Flow Step Number,Visual/Technical,"Width/height: 28px. Background: #8B5CF6. Color: white. Border-radius: 50%. Font-size: 12px. Font-weight: 700. Display: flex center. Margin: 0 auto 10px."
About Matt,36,Code Block,Visual/Technical,"Background: #2c3e50. Color: #ecf0f1. Border-radius: 6px. Padding: 16px. Font-family: 'Courier New', monospace. Font-size: 12px. Line-height: 1.6. White-space: pre-wrap. Comments in color #95a5a6."
About Matt,37,Tech Details Grid,Interaction/Logic,"Grid: repeat(2, 1fr). Gap: 24px. Six tech detail cards."
About Matt,38,Tech Detail Card,Visual/Technical,"Background: white. Border: 2px solid #e0e0e0. Border-radius: 12px. Padding: 24px."
About Matt,39,Tech Detail Title,Content,"Font-size: 16px. Font-weight: 600. Color: #2c3e50. Margin-bottom: 12px. Display: flex with 8px gap for emoji prefix."
About Matt,40,Tech Detail List,Content,"List-style: none. Gap: 10px. Each item has checkmark (âœ“) prefix in #27ae60, font-size 13px, color #555, line-height 1.5, padding-left 20px."
About Matt,41,"""Try Agy"" CTA Section",Interaction,"Background: linear-gradient(135deg, rgba(139, 92, 246, 0.05) 0%, rgba(165, 180, 252, 0.05) 100%). Padding: 50px 40px. Contains white card with purple left border."
About Matt,42,"""Try Agy"" CTA Card",Visual/Technical,"Max-width: 900px. Margin: 0 auto. Background: white. Border-left: 4px solid #8B5CF6. Border-radius: 12px. Padding: 40px. Box-shadow: 0 4px 12px rgba(0,0,0,0.08)."
About Matt,43,"""Try Agy"" Heading",Content,"Font-size: 28px. Color: #2c3e50. Margin-bottom: 16px. Display: flex with 12px gap. Contains: ""ðŸŽ¯ See It In Action""."
About Matt,44,"""Try Agy"" Description",Content,"Font-size: 16px. Color: #555. Line-height: 1.7. Margin-bottom: 20px. Includes: ""Think of it as an interactive interview you can conduct on your own time."""
About Matt,45,"""Try Agy"" Example Questions List",Content,"Margin-bottom: 28px. Font-size: 15px. Line-height: 1.9. Color: #555. Padding-left: 24px. Four example questions with quotes."
About Matt,46,"""Ask Agy About My Experience"" Button",Interaction,"Display: inline-flex. Align-items: center. Gap: 10px. Padding: 16px 36px. Background: #8B5CF6. Color: white. Border-radius: 10px. Font-weight: 600. Font-size: 16px. Box-shadow: 0 4px 12px rgba(139,92,246,0.3). Links to ask_mattgpt_landing_wireframe.html. Hover: slight scale or shadow increase."
About Matt,47,"""Try Agy"" Footer Note",Content,"Text-align: center. Margin-top: 16px. Font-size: 13px. Color: #95a5a6. Text: ""Real AI assistant â€¢ 115+ projects â€¢ Instant answers â€¢ Available 24/7""."
Explore Stories - Cards,1,Page Header,Content,"Padding: 30px. Border-bottom: 2px solid #e0e0e0. Contains title and subtitle with ""Ask Agy"" link."
Explore Stories - Cards,2,Page Title,Content,"Font-size: 28px. Color: #2c3e50. Margin-bottom: 8px. Text: ""Explore Stories""."
Explore Stories - Cards,3,Page Subtitle,Content,"Font-size: 14px. Color: #7f8c8d. Contains inline link to Ask MattGPT. Text: ""Browse Matt's 115+ transformation projects by industry, client, or domain â€” or ask Agy ðŸ¾ to help you find what you're looking for""."
Explore Stories - Cards,4,"""Ask Agy"" Inline Link",Interaction,"Color: #8B5CF6. Font-weight: 600. Text-decoration: underline with color rgba(139,92,246,0.3). Text-underline-offset: 2px. Hover: text-decoration-color becomes solid #8B5CF6, color #7C3AED."
Explore Stories - Cards,5,Filters Section,Interaction/Logic,"Padding: 30px. Background: #fafafa. Border-bottom: 1px solid #e0e0e0. Contains search bar, helper text, and filter row."
Explore Stories - Cards,6,Search Bar,Interaction,"Width: 100%. Padding: 12px 16px. Border: 2px solid #ddd. Border-radius: 6px. Font-size: 14px. Placeholder: ""Search by title, client, or keywords..."". Margin-bottom: 8px."
Explore Stories - Cards,7,Search Helper Text,Content,"Font-size: 12px. Color: #7f8c8d. Margin-bottom: 16px. Text-align: right. Text: ""Can't find what you're looking for? Ask Agy ðŸ¾ â†’"". Link styled same as #4."
Explore Stories - Cards,8,Filter Row,Interaction/Logic,"Display: grid, grid-template-columns: repeat(4, 1fr). Gap: 15px. Margin-top: 15px. Four filters: Industry, Domain Category, Client, Role."
Explore Stories - Cards,9,Filter Group,Interaction,"Display: flex, flex-direction: column. Gap: 6px. Contains label and select dropdown."
Explore Stories - Cards,10,Filter Label,Content,"Font-size: 12px. Font-weight: 600. Color: #555. Text-transform: uppercase."
Explore Stories - Cards,11,Filter Select Dropdown,Interaction,"Padding: 10px. Border: 2px solid #ddd. Border-radius: 4px. Font-size: 14px. Background: white. Options include ""All [Category]"" plus specific values."
Explore Stories - Cards,12,Results Header,Content,"Padding: 20px 30px. Display: flex, justify-content: space-between. Border-bottom: 1px solid #e0e0e0. Contains results count and view controls."
Explore Stories - Cards,13,Results Count,Content,"Color: #2c3e50. Font-size: 14px. Text: ""Showing 1-10 of 115 projects"". Strong tags for numbers (font-size: 16px)."
Explore Stories - Cards,14,View Controls,Interaction,"Display: flex. Gap: 10px. Align-items: center. Contains ""SHOW:"" label, dropdown, and view toggle buttons."
Explore Stories - Cards,15,Show Dropdown,Interaction,"Padding: 6px 10px. Border: 2px solid #ddd. Border-radius: 4px. Options: 10, 20, 50."
Explore Stories - Cards,16,View Toggle,Interaction,"Display: flex. Gap: 4px. Margin-left: 15px. Three buttons: Table, Cards (active), Timeline."
Explore Stories - Cards,17,View Toggle Button,Interaction,"Padding: 8px 16px. Border: 2px solid #ddd. Background: white. Font-size: 13px. Cursor: pointer. Active state: background #8B5CF6, color white, border-color #8B5CF6."
Explore Stories - Cards,18,Cards Container,Content,"Padding: 30px. Contains cards grid."
Explore Stories - Cards,19,Cards Grid,Interaction/Logic,"Display: grid, grid-template-columns: repeat(auto-fill, minmax(360px, 1fr)). Gap: 24px."
Explore Stories - Cards,20,Story Card,Interaction,"Background: white. Border: 2px solid #e0e0e0. Border-radius: 8px. Padding: 24px. Cursor: pointer. Display: flex, flex-direction: column. Gap: 12px. Hover: border-color #8B5CF6, box-shadow: 0 4px 12px rgba(139,92,246,0.15), transform: translateY(-2px)."
Explore Stories - Cards,21,Card Header,Content,"Display: flex, justify-content: space-between, align-items: start. Gap: 12px. Contains title and client badge."
Explore Stories - Cards,22,Card Title,Content,"Font-size: 16px. Font-weight: 600. Color: #2c3e50. Line-height: 1.4. Flex: 1."
Explore Stories - Cards,23,Client Badge,Visual/Technical,"Display: inline-block. Padding: 4px 10px. Background: #e3f2fd. Color: #1976d2. Border-radius: 12px. Font-size: 11px. Font-weight: 600. White-space: nowrap. Flex-shrink: 0."
Explore Stories - Cards,24,Card Description,Content,"Font-size: 13px. Color: #7f8c8d. Line-height: 1.5. Display: -webkit-box. -webkit-line-clamp: 3. -webkit-box-orient: vertical. Overflow: hidden (truncate after 3 lines)."
Explore Stories - Cards,25,Card Meta,Content,"Display: flex, justify-content: space-between, align-items: center. Padding-top: 12px. Border-top: 1px solid #ecf0f1. Margin-top: auto. Contains role badge and domain tag."
Explore Stories - Cards,26,Role Badge,Visual/Technical,"Background: #ecf0f1. Padding: 4px 10px. Border-radius: 4px. Font-size: 11px. Font-weight: 600. Color: #555. Text-transform: uppercase."
Explore Stories - Cards,27,Domain Tag,Content,"Font-size: 11px. Color: #95a5a6. Text-align: right. Max-width: 150px. Overflow: hidden. Text-overflow: ellipsis. White-space: nowrap."
Explore Stories - Cards,28,Empty State,Content,"Padding: 80px 40px. Text-align: center. Background: #fafafa. Border-radius: 12px. Margin: 30px. Hidden by default, shown when no results. Contains icon, heading, text, and CTA button."
Explore Stories - Cards,29,Empty State Icon,Visual/Technical,"Font-size: 64px. Margin-bottom: 16px. Example: ""ðŸ”""."
Explore Stories - Cards,30,Empty State Heading,Content,"Font-size: 20px. Color: #2c3e50. Margin-bottom: 8px. Text: ""No projects match your filters""."
Explore Stories - Cards,31,Empty State Text,Content,"Font-size: 14px. Color: #7f8c8d. Margin-bottom: 24px. Text: ""Try adjusting your search criteria, or ask Agy to find relevant projects for you""."
Explore Stories - Cards,32,Empty State Button,Interaction,"Display: inline-flex. Align-items: center. Gap: 8px. Padding: 12px 28px. Background: #8B5CF6. Color: white. Border-radius: 8px. Font-weight: 600. Font-size: 15px. Text: ""Ask Agy ðŸ¾"". Hover: background #7C3AED, transform: translateY(-2px), box-shadow: 0 4px 12px rgba(139,92,246,0.3)."
Explore Stories - Cards,33,Pagination,Interaction,"Padding: 30px. Display: flex, justify-content: center, align-items: center. Gap: 8px. Border-top: 1px solid #e0e0e0."
Explore Stories - Cards,34,Pagination Button,Interaction,"Padding: 8px 14px. Border: 2px solid #ddd. Background: white. Border-radius: 4px. Font-size: 13px. Cursor: pointer. Hover: background #f5f5f5. Active state: background #8B5CF6, color white, border-color #8B5CF6. Disabled: opacity 0.5, cursor not-allowed."
Explore Stories - Cards,35,Page Info,Content,"Padding: 0 15px. Color: #7f8c8d. Font-size: 13px. Example: ""...""."
Explore Stories - Table,1,Table Container,Content,"Padding: 0 30px 30px. Contains table element."
Explore Stories - Table,2,Table,Technical/Data,"Width: 100%. Border-collapse: collapse. Margin-top: 20px. Contains thead and tbody."
Explore Stories - Table,3,Table Header Row,Visual/Technical,"Background: #ecf0f1. Contains 4 columns: Project Title, Client, Role, Domain."
Explore Stories - Table,4,Table Header Cell (th),Content,"Padding: 12px. Text-align: left. Font-size: 12px. Font-weight: 600. Color: #2c3e50. Text-transform: uppercase. Border-bottom: 2px solid #bdc3c7."
Explore Stories - Table,5,Table Data Row,Interaction,"Cursor: pointer. Hover: slight background color shift. Selected state: background #F3E8FF, border-left: 4px solid #8B5CF6, font-weight: 500."
Explore Stories - Table,6,Table Data Cell (td),Content,"Padding: 16px 12px. Border-bottom: 1px solid #e0e0e0. Font-size: 14px. Color: #2c3e50."
Explore Stories - Table,7,Story Title (in table),Interaction,"Color: #8B5CF6. Font-weight: 500. Cursor: pointer. Hover: text-decoration underline."
Explore Stories - Table,8,Client Badge (in table),Visual/Technical,"Same as cards view: background #e3f2fd, color #1976d2, border-radius 12px, font-size 12px, font-weight 500, padding 4px 10px."
Explore Stories - Table,9,Domain Tag (in table),Content,"Font-size: 12px. Color: #7f8c8d."
Explore Stories - Table,10,Story Detail Pane,Content,"Padding: 30px. Background: #fafafa. Border-top: 3px solid #8B5CF6. Margin-top: 0. Appears when row clicked."
Explore Stories - Table,11,Detail Header,Content,"Display: flex, justify-content: space-between, align-items: start. Margin-bottom: 24px. Padding-bottom: 20px. Border-bottom: 2px solid #e0e0e0."
Explore Stories - Table,12,Detail Title,Content,"Font-size: 24px. Font-weight: 700. Color: #2c3e50. Margin-bottom: 12px. Line-height: 1.3."
Explore Stories - Table,13,Detail Meta,Content,"Display: flex. Gap: 20px. Flex-wrap: wrap. Align-items: center. Font-size: 14px. Each item has emoji + text."
Explore Stories - Table,14,Detail Actions,Interaction,"Display: flex. Gap: 8px. Two buttons: Share, Export."
Explore Stories - Table,15,Detail Action Button,Interaction,"Padding: 8px 16px. Border: 2px solid #e0e0e0. Background: white. Border-radius: 6px. Font-size: 13px. Font-weight: 600. Color: #555. Cursor: pointer. Hover: border-color #8B5CF6, color #8B5CF6."
Explore Stories - Table,16,Detail Content,Content,"Display: grid, grid-template-columns: 2fr 1fr. Gap: 30px. Contains main content and sidebar."
Explore Stories - Table,17,Detail Main,Content,"Background: white. Padding: 24px. Border-radius: 8px. Border: 1px solid #e0e0e0. Contains STAR sections."
Explore Stories - Table,18,STAR Section,Content,"Margin-bottom: 24px (last has 0). Contains label and content."
Explore Stories - Table,19,STAR Label,Content,"Font-size: 12px. Font-weight: 700. Text-transform: uppercase. Color: #8B5CF6. Margin-bottom: 8px. Display: flex with 8px gap for emoji prefix."
Explore Stories - Table,20,STAR Content,Content,"Font-size: 14px. Color: #2c3e50. Line-height: 1.7. May contain ul/li with margin 12px 0, padding-left 20px, li margin-bottom 8px."
Explore Stories - Table,21,Detail Sidebar,Content,"Background: white. Padding: 24px. Border-radius: 8px. Border: 1px solid #e0e0e0. Contains multiple sections."
Explore Stories - Table,22,Sidebar Section,Content,"Margin-bottom: 24px. Padding-bottom: 24px. Border-bottom: 1px solid #e0e0e0. Last section has no margin/padding/border."
Explore Stories - Table,23,Sidebar Title,Content,"Font-size: 12px. Font-weight: 700. Text-transform: uppercase. Color: #7f8c8d. Margin-bottom: 12px."
Explore Stories - Table,24,Sidebar Tags,Content,"Display: flex. Flex-wrap: wrap. Gap: 8px. Each tag: background #ecf0f1, padding 6px 12px, border-radius 12px, font-size 12px, color #555, font-weight 500."
Explore Stories - Table,25,Sidebar List,Content,"List-style: none. Each li: padding 8px 0, font-size 13px, color #555, border-bottom 1px solid #ecf0f1 (last has none)."
Explore Stories - Table,26,Metrics Grid,Technical/Data,"Display: grid, grid-template-columns: 1fr. Gap: 12px. Contains metric items."
Explore Stories - Table,27,Metric Item,Visual/Technical,"Background: #f8f9fa. Padding: 12px. Border-radius: 6px. Border-left: 3px solid #27ae60. Contains value and label."
Explore Stories - Table,28,Metric Value,Content,"Font-size: 18px. Font-weight: 700. Color: #27ae60. Margin-bottom: 4px."
Explore Stories - Table,29,Metric Label,Content,"Font-size: 11px. Color: #7f8c8d. Text-transform: uppercase."
Explore Stories - Table,30,"""Ask Agy About This Project"" Section",Interaction,"Grid-column: 1 / -1 (spans both columns). Text-align: center. Padding: 24px. Background: #f8f9fa. Border-radius: 8px. Border: 2px solid #e0e0e0. Margin-top: 24px."
Explore Stories - Table,31,"""Ask Agy About This Project"" Text",Content,"Font-size: 14px. Color: #555. Margin-bottom: 16px. Text: ""ðŸ’¬ Want to know more about this project?""."
Explore Stories - Table,32,"""Ask Agy About This Project"" Button",Interaction,"Display: inline-flex. Align-items: center. Gap: 8px. Padding: 12px 28px. Background: #8B5CF6. Color: white. Border-radius: 8px. Font-weight: 600. Text: ""Ask Agy ðŸ¾ About This"". Links to ask_mattgpt_landing_wireframe.html. Hover: background #7C3AED or slight scale."
Explore Stories - Timeline,1,Timeline Container,Visual/Technical,"Padding: 40px 60px. Position: relative. Contains timeline line and year groups."
Explore Stories - Timeline,2,Timeline Line,Visual/Technical,"Position: absolute, left: 60px, top: 0, bottom: 0. Width: 3px. Background: linear-gradient(to bottom, #8B5CF6, #7C3AED)."
Explore Stories - Timeline,3,Year Group,Content,"Position: relative. Margin-bottom: 40px. Contains year marker and timeline items."
Explore Stories - Timeline,4,Year Marker,Visual/Technical,"Position: relative. Margin-bottom: 30px. Contains year badge."
Explore Stories - Timeline,5,Year Badge,Visual/Technical,"Position: absolute, left: -55px, top: -42px. Display: inline-flex center. Width: 110px. Height: 40px. Background: #8B5CF6. Color: white. Font-size: 15px. Font-weight: 700. Border-radius: 20px. Z-index: 2. Padding: 0 12px. Examples: ""2023-2025"", ""2021-2023"", ""2017-2021"", ""2013-2017""."
Explore Stories - Timeline,6,Timeline Item,Interaction,"Position: relative. Margin-left: 40px. Margin-bottom: 20px. Padding-left: 50px. Contains story entry."
Explore Stories - Timeline,7,Timeline Item Dot,Visual/Technical,"::before pseudo-element. Position: absolute, left: -23px, top: 12px. Width: 12px, height: 12px. Background: white. Border: 3px solid #8B5CF6. Border-radius: 50%. Z-index: 2."
Explore Stories - Timeline,8,Story Entry,Interaction,"Background: white. Border: 2px solid #e0e0e0. Border-radius: 8px. Padding: 20px. Cursor: pointer. Hover: border-color #8B5CF6, box-shadow: 0 4px 12px rgba(139,92,246,0.15)."
Explore Stories - Timeline,9,Story Header (Timeline),Content,"Display: flex, justify-content: space-between, align-items: start. Gap: 16px. Margin-bottom: 12px. Contains title and client badge."
Explore Stories - Timeline,10,Story Title (Timeline),Content,"Font-size: 16px. Font-weight: 600. Color: #2c3e50. Line-height: 1.4. Flex: 1."
Explore Stories - Timeline,11,Client Badge (Timeline),Visual/Technical,"Same as other views: background #e3f2fd, color #1976d2, border-radius 12px, font-size 11px, font-weight 600, padding 4px 10px."
Explore Stories - Timeline,12,Story Meta (Timeline),Content,"Display: flex. Gap: 15px. Font-size: 12px. Color: #7f8c8d. Contains role badge and domain tag."
Explore Stories - Timeline,13,Role Badge (Timeline),Visual/Technical,"Same as cards view: background #ecf0f1, padding 3px 8px, border-radius 4px, font-size 11px, font-weight 600, color #555, text-transform uppercase."
Explore Stories - Timeline,14,Domain Tag (Timeline),Content,"Color: #95a5a6. Font-size: 12px."
Ask MattGPT,1,Page Container,Visual/Technical,"Max-width: 1200px. Display: flex, flex-direction: column. Min-height: 100vh. Background: white. Border-radius: 8px."
Ask MattGPT,2,Header Section,Visual/Technical,"Padding: 30px. Border-bottom: 2px solid #e0e0e0. Background: linear-gradient(135deg, #667eea 0%, #764ba2 100%). Color: white. Display: flex, justify-content: space-between."
Ask MattGPT,3,Header Left (Avatar + Text),Content,"Display: flex, align-items: center. Gap: 24px. Contains Agy avatar and text."
Ask MattGPT,4,Agy Avatar (Header),Visual/Technical,"Image: ""agy_avatar_64_dark.png"". Width/height: 64px. Border-radius: 50%. Border: 3px solid white. Box-shadow: 0 4px 12px rgba(0,0,0,0.2)."
Ask MattGPT,5,Header Title,Content,"Font-size: 32px. Margin-bottom: 8px. Text: ""Ask MattGPT""."
Ask MattGPT,6,Header Subtitle,Content,"Font-size: 16px. Opacity: 0.95. Text: ""Meet Agy ðŸ¾ â€” Tracking down insights from 20+ years of transformation experience""."
Ask MattGPT,7,"""How Agy searches"" Button",Interaction,"Padding: 12px 24px. Background: rgba(255,255,255,0.2). Backdrop-filter: blur(10px). Border: 2px solid rgba(255,255,255,0.3). Border-radius: 12px. Color: white. Font-weight: 600. Font-size: 15px. Cursor: pointer. White-space: nowrap. Flex-shrink: 0. Hover: background rgba(255,255,255,0.3), border-color rgba(255,255,255,0.5), transform: translateY(-2px). Onclick: toggles How It Works panel."
Ask MattGPT,8,How It Works Panel,Content,"Background: #f8f9fa. Border-bottom: 2px solid #e0e0e0. Display: none by default. Animation: slideDown 0.3s ease when shown. Contains header, body, close button."
Ask MattGPT,9,Status Bar,Technical/Data,"Display: flex. Gap: 32px. Justify-content: center. Padding: 16px 24px. Background: rgba(255,255,255,0.95). Border-bottom: 1px solid #E5E7EB. Contains 3 status items."
Ask MattGPT,10,Status Item,Content,"Display: flex, align-items: center. Gap: 8px. Font-size: 14px. Color: #6B7280. Contains label and value."
Ask MattGPT,11,Status Item (Active),Visual/Technical,"::before pulse animation. Width: 8px, height: 8px. Background: #10B981 (green). Border-radius: 50%. Animation: pulse 2s ease-in-out infinite."
Ask MattGPT,12,Welcome Container,Content,"Flex: 1. Padding: 60px 30px. Overflow-y: auto. Background: #fafafa. Display: flex, flex-direction: column, align-items: center."
Ask MattGPT,13,Main Intro Section,Visual/Technical,"Position: relative. Margin-top: -40px (overlaps status bar). Background: white. Border-radius: 24px 24px 0 0. Padding: 48px 32px 32px. Box-shadow: 0 -4px 12px rgba(0,0,0,0.05). Max-width: 900px. Width: 100%."
Ask MattGPT,14,Welcome Icon (Large Agy),Visual/Technical,"Font-size: 72px. Margin-bottom: 24px. Display: flex center. Image: ""agy_avatar_96_dark.png"". Width/height: 96px. Border-radius: 50%. Hover: transform: scale(1.05), filter: drop-shadow increase. Cursor: pointer. Animation: fadeInUp 0.6s ease-out."
Ask MattGPT,15,Welcome Title,Content,"Font-size: 28px. Color: #2c3e50. Margin-bottom: 12px. Text-align: center. Text: ""Hi, I'm Agy ðŸ¾"". Animation: fadeInUp 0.6s ease-out 0.1s backwards."
Ask MattGPT,16,Welcome Subtitle,Content,"Text-align: center. Max-width: 650px. Margin: 0 auto 48px. Two paragraphs. Animation: fadeInUp 0.6s ease-out 0.2s backwards."
Ask MattGPT,17,Intro Text Primary,Content,"Font-size: 18px. Color: #374151. Line-height: 1.7. Font-weight: 500. Margin-bottom: 20px. Text about Plott Hound tracking skills."
Ask MattGPT,18,Intro Text Secondary,Content,"Font-size: 17px. Color: #6B7280. Line-height: 1.6. Text about understanding context."
Ask MattGPT,19,Suggested Questions Title,Content,"Font-size: 14px. Font-weight: 600. Color: #7f8c8d. Text-transform: uppercase. Margin-bottom: 20px. Text: ""Try asking:""."
Ask MattGPT,20,Suggested Questions Grid,Interaction/Logic,"Display: grid, grid-template-columns: repeat(2, 1fr). Gap: 16px. Max-width: 900px. Width: 100%. Six question cards. Animation: fadeInUp 0.6s ease-out 0.3s backwards."
Ask MattGPT,21,Suggested Question Card,Interaction,"Background: white. Border: 2px solid #E5E7EB. Border-radius: 12px. Padding: 20px 24px. Cursor: pointer. Display: flex, align-items: start. Gap: 12px. Hover: border-color #8B5CF6, background #F9FAFB, box-shadow: 0 4px 12px rgba(139,92,246,0.12), transform: translateY(-2px). Onclick: redirects to ask_mattgpt_wireframe.html."
Ask MattGPT,22,Question Icon,Visual/Technical,"Font-size: 24px. Flex-shrink: 0. Line-height: 1. Examples: ""ðŸš€"", ""ðŸ¥"", ""ðŸ’¡"", ""ðŸ‘¥"", ""âš¡"", ""ðŸŽ¯""."
Ask MattGPT,23,Question Text,Content,"Font-size: 16px. Color: #2C363D. Line-height: 1.4. Font-weight: 500. Flex: 1. Examples: ""How did Matt transform global payments at scale?"", ""Show me Matt's GenAI work in healthcare""."
Ask MattGPT,24,Input Area,Interaction,"Padding: 48px 30px. Background: white. Border-top: 2px solid #e0e0e0. Contains input container and hint."
Ask MattGPT,25,Input Container,Interaction,"Max-width: 800px. Margin: 0 auto. Position: relative."
Ask MattGPT,26,Input Field,Interaction,"Width: 100%. Padding: 20px 140px 20px 24px. Font-size: 17px. Border: 2px solid #E5E7EB. Border-radius: 16px. Background: #FAFAFA. Font-family: inherit. Placeholder: ""Ask me anything â€” from building MattGPT to leading global programs..."". Focus: outline none, border-color #8B5CF6, background white, box-shadow: 0 0 0 3px rgba(139,92,246,0.1). Onkeypress Enter: redirects to ask_mattgpt_wireframe.html."
Ask MattGPT,27,Send Button,Interaction,"Position: absolute, right: 8px, top: 50%, transform: translateY(-50%). Padding: 12px 32px. Background: #8B5CF6. Color: white. Border: none. Border-radius: 12px. Font-weight: 600. Font-size: 16px. Cursor: pointer. Text: ""Ask Agy ðŸ¾"". Hover: background #7C3AED, transform: translateY(-50%) scale(1.02). Onclick: redirects to ask_mattgpt_wireframe.html."
Ask MattGPT,28,Input Hint,Content,"Text-align: center. Font-size: 12px. Color: #95a5a6. Margin-top: 10px. Text: ""Powered by OpenAI GPT-4 with semantic search across 115 project case studies""."
